Error,Time (s),Iter time (s)
0.0012553431568576314,2867.1206278800964,2.8671206278800963
0.0012553521941834572,14.308687686920166,0.014308687686920165
